{
  "aggregate": {
    "faithfulness": 0.9462512664640323,
    "answer_relevancy": 0.0,
    "context_precision": 0.7883333332845832,
    "context_recall": 0.7967662337662338
  },
  "num_questions": 50,
  "failures": []
}